{
  "version": "3.16.7",
  "flags": {},
  "shapes": [
    {
      "label": "T",
      "line_color": null,
      "fill_color": null,
      "points": [
        [
          256.4102564102564,
          160.47008547008548
        ],
        [
          281.62393162393164,
          145.51282051282053
        ],
        [
          296.5811965811966,
          173.0769230769231
        ],
        [
          269.6581196581197,
          186.75213675213675
        ]
      ],
      "shape_type": "polygon",
      "flags": {}
    },
    {
      "label": "H",
      "line_color": null,
      "fill_color": null,
      "points": [
        [
          294.87179487179486,
          145.94017094017096
        ],
        [
          318.1623931623932,
          136.53846153846155
        ],
        [
          328.20512820512823,
          161.11111111111111
        ],
        [
          303.41880341880346,
          170.72649572649573
        ]
      ],
      "shape_type": "polygon",
      "flags": {}
    },
    {
      "label": "E",
      "line_color": null,
      "fill_color": null,
      "points": [
        [
          327.77777777777777,
          132.47863247863248
        ],
        [
          353.20512820512823,
          125.85470085470087
        ],
        [
          359.18803418803424,
          151.06837606837607
        ],
        [
          334.61538461538464,
          157.05128205128207
        ]
      ],
      "shape_type": "polygon",
      "flags": {}
    },
    {
      "label": "P",
      "line_color": null,
      "fill_color": null,
      "points": [
        [
          376.92307692307696,
          114.10256410256412
        ],
        [
          405.7692307692308,
          108.76068376068376
        ],
        [
          411.965811965812,
          141.45299145299145
        ],
        [
          383.974358974359,
          146.5811965811966
        ]
      ],
      "shape_type": "polygon",
      "flags": {}
    },
    {
      "label": "E",
      "line_color": null,
      "fill_color": null,
      "points": [
        [
          412.55115961800817,
          111.05047748976807
        ],
        [
          438.06275579809005,
          106.27557980900409
        ],
        [
          442.2919508867667,
          133.15143246930424
        ],
        [
          416.9167803547067,
          137.7899045020464
        ]
      ],
      "shape_type": "polygon",
      "flags": {}
    },
    {
      "label": "A",
      "line_color": null,
      "fill_color": null,
      "points": [
        [
          445.1568894952251,
          104.63847203274216
        ],
        [
          472.987721691678,
          102.86493860845839
        ],
        [
          475.17053206002726,
          129.33151432469305
        ],
        [
          446.3847203274216,
          130.96862210095497
        ]
      ],
      "shape_type": "polygon",
      "flags": {}
    },
    {
      "label": "K",
      "line_color": null,
      "fill_color": null,
      "points": [
        [
          479.26330150068213,
          102.04638472032742
        ],
        [
          508.86766712141883,
          101.22783083219645
        ],
        [
          509.2769440654843,
          127.42155525238745
        ],
        [
          481.0368349249659,
          128.37653478854025
        ]
      ],
      "shape_type": "polygon",
      "flags": {}
    },
    {
      "label": "K",
      "line_color": null,
      "fill_color": null,
      "points": [
        [
          532.7421555252388,
          98.49931787175989
        ],
        [
          566.0300136425648,
          100.54570259208731
        ],
        [
          560.4365620736698,
          132.0600272851296
        ],
        [
          528.2401091405184,
          127.96725784447476
        ]
      ],
      "shape_type": "polygon",
      "flags": {}
    },
    {
      "label": "O",
      "line_color": null,
      "fill_color": null,
      "points": [
        [
          570.1227830832196,
          102.86493860845839
        ],
        [
          596.9986357435198,
          109.00409276944066
        ],
        [
          588.9495225102319,
          136.56207366984992
        ],
        [
          563.43792633015,
          129.0586630286494
        ]
      ],
      "shape_type": "polygon",
      "flags": {}
    },
    {
      "label": "O",
      "line_color": null,
      "fill_color": null,
      "points": [
        [
          601.7735334242838,
          108.86766712141882
        ],
        [
          629.4679399727148,
          116.5075034106412
        ],
        [
          618.6903137789905,
          142.56480218281035
        ],
        [
          593.5879945429741,
          132.19645293315142
        ]
      ],
      "shape_type": "polygon",
      "flags": {}
    },
    {
      "label": "K",
      "line_color": null,
      "fill_color": null,
      "points": [
        [
          633.1514324693043,
          115.68894952251023
        ],
        [
          658.9358799454297,
          123.3287858117326
        ],
        [
          651.0231923601636,
          147.74897680763982
        ],
        [
          624.6930422919509,
          139.01773533424284
        ]
      ],
      "shape_type": "polygon",
      "flags": {}
    },
    {
      "label": "O",
      "line_color": null,
      "fill_color": null,
      "points": [
        [
          663.5743519781719,
          124.82946793997272
        ],
        [
          690.3137789904501,
          134.10641200545703
        ],
        [
          681.1732605729877,
          156.75306957708048
        ],
        [
          655.2523874488404,
          147.88540245566168
        ]
      ],
      "shape_type": "polygon",
      "flags": {}
    },
    {
      "label": "U",
      "line_color": null,
      "fill_color": null,
      "points": [
        [
          695.7708049113234,
          135.33424283765348
        ],
        [
          721.6916780354707,
          146.38472032742155
        ],
        [
          711.3233287858118,
          167.12141882673941
        ],
        [
          686.0845839017735,
          159.07230559345157
        ]
      ],
      "shape_type": "polygon",
      "flags": {}
    },
    {
      "label": "T",
      "line_color": null,
      "fill_color": null,
      "points": [
        [
          724.556616643929,
          148.0218281036835
        ],
        [
          749.6589358799454,
          159.61800818553888
        ],
        [
          737.6534788540246,
          182.26466575716233
        ],
        [
          714.4611186903138,
          170.25920873124147
        ]
      ],
      "shape_type": "polygon",
      "flags": {}
    }
  ],
  "lineColor": [
    0,
    255,
    0,
    128
  ],
  "fillColor": [
    255,
    0,
    0,
    128
  ],
  "imagePath": "img10.jpg",
  "imageHeight": 768,
  "imageWidth": 1024
}
