{
  "version": "3.16.7",
  "flags": {},
  "shapes": [
    {
      "label": "M",
      "line_color": null,
      "fill_color": null,
      "points": [
        [
          121.7391304347826,
          553.416149068323
        ],
        [
          214.90683229813664,
          534.1614906832298
        ],
        [
          250.93167701863354,
          663.3540372670807
        ],
        [
          144.72049689440993,
          690.0621118012422
        ]
      ],
      "shape_type": "polygon",
      "flags": {}
    },
    {
      "label": "E",
      "line_color": null,
      "fill_color": null,
      "points": [
        [
          229.81366459627327,
          532.9192546583851
        ],
        [
          289.44099378881987,
          521.7391304347826
        ],
        [
          312.4223602484472,
          654.0372670807453
        ],
        [
          256.52173913043475,
          662.7329192546583
        ]
      ],
      "shape_type": "polygon",
      "flags": {}
    },
    {
      "label": "L",
      "line_color": null,
      "fill_color": null,
      "points": [
        [
          300.0,
          519.2546583850931
        ],
        [
          349.06832298136646,
          511.18012422360243
        ],
        [
          372.6708074534161,
          641.6149068322981
        ],
        [
          319.25465838509314,
          649.0683229813665
        ]
      ],
      "shape_type": "polygon",
      "flags": {}
    },
    {
      "label": "U",
      "line_color": null,
      "fill_color": null,
      "points": [
        [
          358.3850931677018,
          509.31677018633536
        ],
        [
          431.67701863354034,
          501.8633540372671
        ],
        [
          442.2360248447205,
          633.5403726708074
        ],
        [
          380.12422360248445,
          638.5093167701863
        ]
      ],
      "shape_type": "polygon",
      "flags": {}
    },
    {
      "label": "R",
      "line_color": null,
      "fill_color": null,
      "points": [
        [
          440.99378881987576,
          501.8633540372671
        ],
        [
          505.5900621118012,
          497.5155279503105
        ],
        [
          519.2546583850931,
          622.9813664596273
        ],
        [
          452.7950310559006,
          628.5714285714286
        ]
      ],
      "shape_type": "polygon",
      "flags": {}
    },
    {
      "label": "&",
      "line_color": null,
      "fill_color": null,
      "points": [
        [
          546.583850931677,
          496.89440993788816
        ],
        [
          629.1925465838509,
          498.7577639751552
        ],
        [
          632.9192546583851,
          619.2546583850931
        ],
        [
          550.3105590062112,
          619.2546583850931
        ]
      ],
      "shape_type": "polygon",
      "flags": {}
    },
    {
      "label": "T",
      "line_color": null,
      "fill_color": null,
      "points": [
        [
          655.9006211180124,
          489.44099378881987
        ],
        [
          719.8757763975154,
          491.9254658385093
        ],
        [
          707.4534161490683,
          618.0124223602484
        ],
        [
          660.2484472049689,
          614.2857142857142
        ]
      ],
      "shape_type": "polygon",
      "flags": {}
    },
    {
      "label": "H",
      "line_color": null,
      "fill_color": null,
      "points": [
        [
          720.4968944099378,
          493.167701863354
        ],
        [
          778.8819875776397,
          496.89440993788816
        ],
        [
          767.7018633540372,
          615.5279503105589
        ],
        [
          709.9378881987577,
          612.4223602484471
        ]
      ],
      "shape_type": "polygon",
      "flags": {}
    },
    {
      "label": "Y",
      "line_color": null,
      "fill_color": null,
      "points": [
        [
          782.6086956521739,
          496.89440993788816
        ],
        [
          847.2049689440993,
          502.48447204968943
        ],
        [
          816.7701863354037,
          621.7391304347826
        ],
        [
          777.0186335403727,
          615.5279503105589
        ]
      ],
      "shape_type": "polygon",
      "flags": {}
    },
    {
      "label": "M",
      "line_color": null,
      "fill_color": null,
      "points": [
        [
          852.1739130434783,
          501.8633540372671
        ],
        [
          916.1490683229813,
          512.4223602484471
        ],
        [
          901.8633540372671,
          627.9503105590062
        ],
        [
          824.8447204968944,
          617.391304347826
        ]
      ],
      "shape_type": "polygon",
      "flags": {}
    },
    {
      "label": "E",
      "line_color": null,
      "fill_color": null,
      "points": [
        [
          927.9503105590062,
          510.5590062111801
        ],
        [
          978.2608695652174,
          521.1180124223603
        ],
        [
          952.7950310559006,
          634.7826086956521
        ],
        [
          906.2111801242236,
          624.8447204968944
        ]
      ],
      "shape_type": "polygon",
      "flags": {}
    }
  ],
  "lineColor": [
    0,
    255,
    0,
    128
  ],
  "fillColor": [
    255,
    0,
    0,
    128
  ],
  "imagePath": "img21.jpg",
  "imageHeight": 960,
  "imageWidth": 1280
}
