{
  "version": "3.16.7",
  "flags": {},
  "shapes": [
    {
      "label": "M",
      "line_color": null,
      "fill_color": null,
      "points": [
        [
          127.93264248704665,
          247.66839378238342
        ],
        [
          207.7253886010363,
          231.0880829015544
        ],
        [
          204.61658031088083,
          361.139896373057
        ],
        [
          134.15025906735752,
          363.21243523316065
        ]
      ],
      "shape_type": "polygon",
      "flags": {}
    },
    {
      "label": "E",
      "line_color": null,
      "fill_color": null,
      "points": [
        [
          215.49740932642487,
          240.41450777202073
        ],
        [
          267.31088082901556,
          249.22279792746116
        ],
        [
          250.21243523316065,
          388.08290155440415
        ],
        [
          207.7253886010363,
          365.8031088082902
        ]
      ],
      "shape_type": "polygon",
      "flags": {}
    },
    {
      "label": "X",
      "line_color": null,
      "fill_color": null,
      "points": [
        [
          267.31088082901556,
          253.88601036269432
        ],
        [
          335.1865284974093,
          289.6373056994819
        ],
        [
          310.8341968911917,
          427.4611398963731
        ],
        [
          255.9119170984456,
          381.8652849740933
        ]
      ],
      "shape_type": "polygon",
      "flags": {}
    },
    {
      "label": "O",
      "line_color": null,
      "fill_color": null,
      "points": [
        [
          336.22279792746116,
          294.30051813471505
        ],
        [
          410.3160621761658,
          317.61658031088086
        ],
        [
          392.699481865285,
          467.8756476683938
        ],
        [
          312.90673575129534,
          446.63212435233163
        ]
      ],
      "shape_type": "polygon",
      "flags": {}
    },
    {
      "label": "U",
      "line_color": null,
      "fill_color": null,
      "points": [
        [
          414.4611398963731,
          319.68911917098444
        ],
        [
          491.66321243523316,
          319.68911917098444
        ],
        [
          489.07253886010363,
          492.7461139896373
        ],
        [
          406.17098445595855,
          487.56476683937825
        ]
      ],
      "shape_type": "polygon",
      "flags": {}
    },
    {
      "label": "T",
      "line_color": null,
      "fill_color": null,
      "points": [
        [
          496.3264248704663,
          311.91709844559585
        ],
        [
          591.1450777202073,
          276.6839378238342
        ],
        [
          592.1813471502591,
          481.8652849740933
        ],
        [
          498.91709844559585,
          480.82901554404145
        ]
      ],
      "shape_type": "polygon",
      "flags": {}
    }
  ],
  "lineColor": [
    0,
    255,
    0,
    128
  ],
  "fillColor": [
    255,
    0,
    0,
    128
  ],
  "imagePath": "img5.jpg",
  "imageHeight": 501,
  "imageWidth": 753
}
