{
  "version": "3.16.7",
  "flags": {},
  "shapes": [
    {
      "label": "B",
      "line_color": null,
      "fill_color": null,
      "points": [
        [
          208.85714285714283,
          246.82539682539684
        ],
        [
          299.3333333333333,
          180.15873015873015
        ],
        [
          400.1269841269841,
          284.1269841269841
        ],
        [
          309.6507936507937,
          366.6666666666667
        ]
      ],
      "shape_type": "polygon",
      "flags": {}
    },
    {
      "label": "A",
      "line_color": null,
      "fill_color": null,
      "points": [
        [
          358.85714285714283,
          151.5873015873016
        ],
        [
          449.33333333333337,
          111.11111111111111
        ],
        [
          517.5873015873016,
          237.3015873015873
        ],
        [
          401.7142857142857,
          278.57142857142856
        ]
      ],
      "shape_type": "polygon",
      "flags": {}
    },
    {
      "label": "L",
      "line_color": null,
      "fill_color": null,
      "points": [
        [
          512.031746031746,
          109.52380952380952
        ],
        [
          605.6825396825396,
          107.93650793650794
        ],
        [
          612.8253968253969,
          245.23809523809524
        ],
        [
          519.968253968254,
          239.68253968253967
        ]
      ],
      "shape_type": "polygon",
      "flags": {}
    },
    {
      "label": "L",
      "line_color": null,
      "fill_color": null,
      "points": [
        [
          639.8095238095239,
          125.39682539682539
        ],
        [
          739.015873015873,
          165.87301587301587
        ],
        [
          705.6825396825396,
          281.74603174603175
        ],
        [
          619.968253968254,
          242.85714285714286
        ]
      ],
      "shape_type": "polygon",
      "flags": {}
    },
    {
      "label": "Y",
      "line_color": null,
      "fill_color": null,
      "points": [
        [
          743.7777777777778,
          169.04761904761904
        ],
        [
          836.6349206349206,
          238.0952380952381
        ],
        [
          761.2380952380952,
          319.04761904761904
        ],
        [
          709.6507936507936,
          284.1269841269841
        ]
      ],
      "shape_type": "polygon",
      "flags": {}
    },
    {
      "label": "S",
      "line_color": null,
      "fill_color": null,
      "points": [
        [
          841.3968253968254,
          250.79365079365078
        ],
        [
          916.0,
          314.2857142857143
        ],
        [
          836.6349206349206,
          392.06349206349205
        ],
        [
          772.3492063492064,
          330.1587301587302
        ]
      ],
      "shape_type": "polygon",
      "flags": {}
    }
  ],
  "lineColor": [
    0,
    255,
    0,
    128
  ],
  "fillColor": [
    255,
    0,
    0,
    128
  ],
  "imagePath": "img73.jpg",
  "imageHeight": 768,
  "imageWidth": 1024
}
