{
  "version": "3.16.7",
  "flags": {},
  "shapes": [
    {
      "label": "B",
      "line_color": null,
      "fill_color": null,
      "points": [
        [
          230.62499999999997,
          152.23214285714283
        ],
        [
          260.08928571428567,
          124.10714285714285
        ],
        [
          290.8928571428571,
          150.44642857142856
        ],
        [
          266.7857142857143,
          181.24999999999997
        ]
      ],
      "shape_type": "polygon",
      "flags": {}
    },
    {
      "label": "I",
      "line_color": null,
      "fill_color": null,
      "points": [
        [
          272.58928571428567,
          112.94642857142856
        ],
        [
          288.21428571428567,
          105.80357142857142
        ],
        [
          307.85714285714283,
          142.85714285714283
        ],
        [
          294.0178571428571,
          150.89285714285714
        ]
      ],
      "shape_type": "polygon",
      "flags": {}
    },
    {
      "label": "K",
      "line_color": null,
      "fill_color": null,
      "points": [
        [
          305.1785714285714,
          97.76785714285714
        ],
        [
          346.24999999999994,
          94.64285714285714
        ],
        [
          350.71428571428567,
          137.05357142857142
        ],
        [
          308.3035714285714,
          139.73214285714283
        ]
      ],
      "shape_type": "polygon",
      "flags": {}
    },
    {
      "label": "E",
      "line_color": null,
      "fill_color": null,
      "points": [
        [
          373.0357142857143,
          99.10714285714285
        ],
        [
          409.6428571428571,
          118.30357142857142
        ],
        [
          386.87499999999994,
          153.12499999999997
        ],
        [
          351.1607142857143,
          136.16071428571428
        ]
      ],
      "shape_type": "polygon",
      "flags": {}
    },
    {
      "label": "S",
      "line_color": null,
      "fill_color": null,
      "points": [
        [
          423.0357142857142,
          129.91071428571428
        ],
        [
          444.9107142857142,
          159.82142857142856
        ],
        [
          408.74999999999994,
          182.5892857142857
        ],
        [
          388.21428571428567,
          154.91071428571428
        ]
      ],
      "shape_type": "polygon",
      "flags": {}
    },
    {
      "label": "D",
      "line_color": null,
      "fill_color": null,
      "points": [
        [
          257.85714285714283,
          210.2678571428571
        ],
        [
          273.0357142857143,
          247.32142857142856
        ],
        [
          236.87499999999997,
          263.83928571428567
        ],
        [
          215.8928571428571,
          226.78571428571428
        ]
      ],
      "shape_type": "polygon",
      "flags": {}
    },
    {
      "label": "I",
      "line_color": null,
      "fill_color": null,
      "points": [
        [
          274.82142857142856,
          248.2142857142857
        ],
        [
          287.7678571428571,
          259.375
        ],
        [
          256.07142857142856,
          292.4107142857143
        ],
        [
          243.12499999999997,
          279.46428571428567
        ]
      ],
      "shape_type": "polygon",
      "flags": {}
    },
    {
      "label": "R",
      "line_color": null,
      "fill_color": null,
      "points": [
        [
          289.99999999999994,
          262.5
        ],
        [
          323.9285714285714,
          276.33928571428567
        ],
        [
          311.87499999999994,
          319.19642857142856
        ],
        [
          269.9107142857143,
          302.23214285714283
        ]
      ],
      "shape_type": "polygon",
      "flags": {}
    },
    {
      "label": "E",
      "line_color": null,
      "fill_color": null,
      "points": [
        [
          328.83928571428567,
          275.0
        ],
        [
          365.8928571428571,
          269.6428571428571
        ],
        [
          373.0357142857143,
          315.1785714285714
        ],
        [
          332.4107142857143,
          320.5357142857143
        ]
      ],
      "shape_type": "polygon",
      "flags": {}
    },
    {
      "label": "C",
      "line_color": null,
      "fill_color": null,
      "points": [
        [
          369.46428571428567,
          271.4285714285714
        ],
        [
          398.9285714285714,
          246.42857142857142
        ],
        [
          428.3928571428571,
          279.9107142857143
        ],
        [
          394.9107142857142,
          304.46428571428567
        ]
      ],
      "shape_type": "polygon",
      "flags": {}
    },
    {
      "label": "T",
      "line_color": null,
      "fill_color": null,
      "points": [
        [
          397.58928571428567,
          243.30357142857142
        ],
        [
          411.87499999999994,
          207.5892857142857
        ],
        [
          457.85714285714283,
          223.66071428571428
        ],
        [
          443.12499999999994,
          261.60714285714283
        ]
      ],
      "shape_type": "polygon",
      "flags": {}
    }
  ],
  "lineColor": [
    0,
    255,
    0,
    128
  ],
  "fillColor": [
    255,
    0,
    0,
    128
  ],
  "imagePath": "img91.jpg",
  "imageHeight": 433,
  "imageWidth": 650
}
